,conversation_id_str,created_at,favorite_count,full_text,id_str,image_url,in_reply_to_screen_name,lang,location,quote_count,reply_count,retweet_count,tweet_url,user_id_str,username
250,1852553441354322404,Sat Nov 09 11:06:52 +0000 2024,0,@glttk0000 gue ga pernah baik abang bukan bosen lagi ntuu GUE JUGA LARI KALO ABANG BAWA SOUND HOREG BAAAANGGG PEGIMANE SIII ,1855205409088520497,,glttk0000,in,"‚†Ä‚†ÄNCTDream‚†Ä‚†Ä
‚†Ä‚†Ä‚†Ä‚†ÄaÃ∂tÃ∂uÃ∂yÃ∂'Ã∂sÃ∂",0,1,0,https://x.com/renjunyiel/status/1855205409088520497,938360140650102784,renjunyiel
251,1854908879878209869,Sat Nov 09 11:02:49 +0000 2024,0,@uarmyontwt @cingreborn ga ka kasian mata elang gitu bagusnya dan mereka emg uda pro itu salah dari pk nya budget buat sound horeg,1855204390925435202,,uarmyontwt,in,,0,0,0,https://x.com/t4jayyy/status/1855204390925435202,1078572747557560320,t4jayyy
252,1854908879878209869,Sat Nov 09 11:01:49 +0000 2024,0,@cingreborn kaya panggung sound horeg ni pk entertaiment kocag buat malu aja kasian noh vendor banyak yg nyalahin,1855204141020352829,,cingreborn,in,,0,0,0,https://x.com/t4jayyy/status/1855204141020352829,1078572747557560320,t4jayyy
253,1855173613181399491,Sat Nov 09 11:00:40 +0000 2024,0,@ARSIPAJA pesan nya aturan bubarin itu sound horeg,1855203850191618177,,ARSIPAJA,in,Kayangan,0,0,0,https://x.com/NickolasSHP/status/1855203850191618177,273882379,NickolasSHP
254,1855203423991513551,Sat Nov 09 10:58:58 +0000 2024,0,rumah gue ujan deres baaaannnnggggeeetttt+ sound horeg + mati listrik bangsat https://t.co/sc13LnaAfm,1855203423991513551,https://pbs.twimg.com/media/Gb8BrWNbUAAEZMB.jpg,,in,,0,1,0,https://x.com/koldbruhh/status/1855203423991513551,1559919753111965698,koldbruhh
255,1855200980385820923,Sat Nov 09 10:49:16 +0000 2024,0,Nyeneni adek e kyk ngalah2ne sound horeg Tonggone yo di pikir neg bos..cuak,1855200980385820923,,,in,"Kediri, Jawa Timur",0,0,0,https://x.com/glorycahemyu/status/1855200980385820923,1623306635870633984,glorycahemyu
256,1855199810477019643,Sat Nov 09 10:44:37 +0000 2024,0,Temanku awardee iisma cantik bening kayak bidadari spek yalil yalili pacarnya jamet blok m sound horeg,1855199810477019643,,,in,ÂçöÂπ∏ ‰ΩêÊô∫ÈõÑ,0,0,0,https://x.com/thegrimfeather/status/1855199810477019643,1544650829679849472,thegrimfeather
257,1854005883979829605,Fri Nov 08 17:00:17 +0000 2024,0,@rudysirwi @lottiepie_store @fotodakwah @Tita83079013 Gue liat berita bro bukan sound horeg nya doang.. maksud gue speaker.. Klo model toa nya banyak gitu d mesjid si yg lo tegor mesjid nya dong bukan adzan nya..,1854931962659815905,,rudysirwi,in,,0,0,0,https://x.com/TamiVerina19/status/1854931962659815905,1227690092057133056,TamiVerina19
258,1854005883979829605,Fri Nov 08 16:59:14 +0000 2024,0,@TamiVerina19 @anwarzafran27 @tabloidbobo @fotodakwah @Tita83079013 Itu kan kesimpulan antum sendiri ukht. Org mo nglakuin yg bid'ah halal atw bahkan haram ga ada hak ane buat ngelarang. Nahini antum kelewat pede menyimpulkan rasulullah pasti akan pake mikrofon. Antum pikir rasulullah sotoy juga kek sound horeg yg ga peduli lingkungan sekitar?,1854931698292867228,,TamiVerina19,in,Neraka,0,1,0,https://x.com/rudysirwi/status/1854931698292867228,1604204021215948800,rudysirwi
259,1854930842692599874,Fri Nov 08 16:55:50 +0000 2024,1,Dua Lipa bukan biduan sound horeg anying,1854930842692599874,,,in,,0,0,1,https://x.com/m0neyball_/status/1854930842692599874,1150258758812962817,m0neyball_
260,1854930661775487045,Fri Nov 08 16:55:07 +0000 2024,0,REAL SOUND HOREG PADA ERANYA https://t.co/pSxyuoWkz5,1854930661775487045,https://pbs.twimg.com/media/Gb4Jmw3aoAAnUzp.jpg,,in,,0,0,0,https://x.com/cha10282/status/1854930661775487045,1835330712389750784,cha10282
261,1854005883979829605,Fri Nov 08 16:39:32 +0000 2024,0,@TamiVerina19 @lottiepie_store @fotodakwah @Tita83079013 Emangnya antum pake hp untuk liat apa aja yang bermanfaat? Manfaatnya antum liat sound horeg di hp itu apa ukht? Antum tadi bilang amplifier nya yg 20 biji sekarang antum bilang speakernya yg 20biji. Yg betul yg mana? https://t.co/gLpCCPLT5Y,1854926740663288319,https://pbs.twimg.com/media/Gb4GCgCbwAMOOqi.jpg,TamiVerina19,in,Neraka,0,2,0,https://x.com/rudysirwi/status/1854926740663288319,1604204021215948800,rudysirwi
262,1854483637473051118,Fri Nov 08 16:31:40 +0000 2024,0,@jawafess Daerahku ga enek sound horeg tapi hama sendekar,1854924763032174789,,jawafess,in,,0,0,0,https://x.com/rizkyaann__/status/1854924763032174789,1214028058589454336,rizkyaann__
263,1854924589505429618,Fri Nov 08 16:30:59 +0000 2024,0,Masih gabisa lupa salah satu komen di youtube yang bilang Ororon orang indo ultinya based on sound horeg,1854924589505429618,,,in,,0,0,0,https://x.com/voiatrix/status/1854924589505429618,1690628760,voiatrix
264,1854005883979829605,Fri Nov 08 16:30:52 +0000 2024,0,@rudysirwi @lottiepie_store @fotodakwah @Tita83079013 Kaya nya lo asal ngomong doang ya basic nya lo aja gak tau sound horeg tu apa kaya gimana bentuk nya? Makanya jangan asal ngomong riset dulu survey dulu.. dasar lo..,1854924558249476195,,rudysirwi,in,,0,1,0,https://x.com/TamiVerina19/status/1854924558249476195,1227690092057133056,TamiVerina19
265,1854005883979829605,Fri Nov 08 16:26:12 +0000 2024,0,@rudysirwi @lottiepie_store @fotodakwah @Tita83079013 Punya tv ga? Hp d pake utk liat apa aja bermanfaat ga? Bisa kan liat berita d hp?. saya ga pernah liat si untung nya d kota saya ga ada sound horeg saya cuma liat d berita itu 1 truk sound horeg spiker gede nya ada 10 ato 20 biji. ya beda efek lah klo jumlah sound nya beda jauh.,1854923386243391963,,rudysirwi,in,,0,1,0,https://x.com/TamiVerina19/status/1854923386243391963,1227690092057133056,TamiVerina19
266,1854920653008519224,Fri Nov 08 16:15:21 +0000 2024,0,junmy suaranya udah bagus banget tp sound system mcm kayak sound horeg https://t.co/p1zHAbZ6yi,1854920653008519224,https://pbs.twimg.com/ext_tw_video_thumb/1854920399106326529/pu/img/Ro2gz07FrzrnJGw7.jpg,,in,vidina ‚Ä¢ she/her,0,0,0,https://x.com/junmyeonpop/status/1854920653008519224,969653690,junmyeonpop
267,1854914252429312108,Fri Nov 08 15:49:55 +0000 2024,0,@DUALIPA mbak besok tampil di Rampal Aja pakek sound horeg,1854914252429312108,,DUALIPA,in,"Jawa Timur, Indonesia",0,0,0,https://x.com/Aquavo_/status/1854914252429312108,1270365499579195392,Aquavo_
268,1854913207716266220,Fri Nov 08 15:45:45 +0000 2024,0,Ternyata aku amat sangat tidak cocok dengan sound horeg,1854913207716266220,,,in,malang,0,0,0,https://x.com/Salisa___/status/1854913207716266220,157628827,Salisa___
269,1854913192167940289,Fri Nov 08 15:45:42 +0000 2024,0, dh cocok pke sound horeg https://t.co/YqwUih2R8i,1854913192167940289,https://pbs.twimg.com/media/Gb35t3GbwAILrfX.jpg,,in,,0,0,0,https://x.com/nisyarchives/status/1854913192167940289,1840586486439399424,nisyarchives
270,1854903520694268124,Fri Nov 08 15:34:56 +0000 2024,0,@yundearest iya pls ak suka ateez krn lagunya yg kek sound horeg tbtb skarang ada bau2 pindah genre tipis2,1854910485378048216,,yundearest,in,,0,1,0,https://x.com/purpleyzzz/status/1854910485378048216,1784132332234141696,purpleyzzz
271,1854398430405120341,Fri Nov 08 14:56:30 +0000 2024,0,@tanyakanrl bener tapi tiap minggu ada karnaval sound horeg tetanggan sama sekampung warga padepokan pendekar,1854900812524540099,,tanyakanrl,in,Astoria,0,0,0,https://x.com/nanowibisono/status/1854900812524540099,1063745091922096128,nanowibisono
272,1854794606619377978,Fri Nov 08 14:54:49 +0000 2024,0,@licttncndy pasti di dom mu ga ada sound horeg yh?,1854900388799099295,,licttncndy,in,she / her ,0,1,0,https://x.com/lknowphile/status/1854900388799099295,1103864868266926080,lknowphile
273,1854899399203471750,Fri Nov 08 14:50:53 +0000 2024,0,Sumpah smpe saiki aku gakro lapoo sound horeg sampe isok didadino hiburan? Ngerugino tok onk e koco pecah kabeh gaisok lewat mlh pembatas dalan dibredel. Ncen kudu onk peraturan munine *Nyetel horeg =denda 1m+kuping e nak samping sound full volumen 3jam. Ben budek sekalian cok https://t.co/QDsHNuYLN2,1854899399203471750,https://pbs.twimg.com/media/Gb3tLHVbcAEWuw_.jpg,,in,,0,1,0,https://x.com/Bijikudamantap/status/1854899399203471750,1295893369739083776,Bijikudamantap
274,1854890617593381307,Fri Nov 08 14:35:42 +0000 2024,0,@Casmaralibrasi Gak due sound horeg mung sound hajatan,1854895575168434440,,Casmaralibrasi,in,"Cilacap, Jawa Tengah",0,0,0,https://x.com/ade_fatkhur/status/1854895575168434440,1827399183109951488,ade_fatkhur
275,1854892502727508191,Fri Nov 08 14:29:38 +0000 2024,0,@WittyOwlie coba dulu aja disatuin sound horeg sama kulkas 35 pintu siapa tau cocok wk,1854894049859452982,,WittyOwlie,in,Southern Water Tribe,0,1,0,https://x.com/barrenvessel/status/1854894049859452982,1061601969586888704,barrenvessel
276,1854892502727508191,Fri Nov 08 14:23:29 +0000 2024,6,Aku terlalu sound horeg buat kamu yg kulkas 35 pintu ,1854892502727508191,,,in,,0,6,0,https://x.com/WittyOwlie/status/1854892502727508191,1840948176779698176,WittyOwlie
277,1854298027038757275,Fri Nov 08 14:13:04 +0000 2024,0,@BudiBukanIntel katanya mau sewa sound horeg buat puter lagu nanam jagung gajadi apa?,1854889883023950103,,BudiBukanIntel,in,24 | minors dni.,0,0,0,https://x.com/sindromnpc/status/1854889883023950103,496586562,sindromnpc
278,1854889276271739316,Fri Nov 08 14:10:40 +0000 2024,0,Tapi keknya budaya sound horeg jatim tuh sudah mendarah daging soalnya bapak w dulu jg hobinya play lagu di home theater cuma lagunya bagus2 si air supply westlife boyzone dll,1854889276271739316,,,in,Republic of Korea,0,2,0,https://x.com/johflamer/status/1854889276271739316,1433596540468092930,johflamer
279,1852553441354322404,Fri Nov 08 13:50:24 +0000 2024,0,@renjunyiel udah bosen jadi orang baik jun? mamang jamet mana yang menyakiti lu jun? gua bawain sound horeg lu ya,1854884176501309543,,renjunyiel,in,snd. GEN2RU üé≠,0,1,0,https://x.com/glttk0000/status/1854884176501309543,1782956254081789952,glttk0000
280,1854878964562772033,Fri Nov 08 13:29:41 +0000 2024,0,SMPE SKRG GUE GATAU LETAK SOUND HOREG ITU DARIMANA ASALNYA ‚Äç,1854878964562772033,,,in,,0,0,0,https://x.com/icdetea/status/1854878964562772033,968914493353816064,icdetea
281,1854876881952424217,Fri Nov 08 13:21:25 +0000 2024,0,tp yg salutnya selama LO fm di negara2 lain di taipei ini fans nya pada kalem tenang kalo teriak pun tetep santai gak kek sound horeg di bandara tertib gak kek lagi dikejar zombie. LO pun pasti nyaman bgt tuuu. luv taipei LINGORM TAIPEI FANMEET #LingOrmFMinTaipei,1854876881952424217,,,in,,0,0,0,https://x.com/dilequetueres/status/1854876881952424217,1641081349137387520,dilequetueres
282,1854875560994128151,Fri Nov 08 13:16:10 +0000 2024,0,Setiap kali mau bersantai saat weekend disaat itu pula sound horeg selalu menyertai di sekitar lingkungan rumah. Memang lagu/musik bisa mengubah mood seseorang dengan cepat tetapi apakah anda setuju jika sound horeg lebih pantas dikatakan sebagai polusi suara Atau hiburan ?,1854875560994128151,,,in,"Jombang, Tebuireng ",0,0,0,https://x.com/haichal_ajany/status/1854875560994128151,1307673268908826624,haichal_ajany
283,1854866131246628887,Fri Nov 08 12:47:37 +0000 2024,0,@thecowboyjunior Nggak sabar plisss aku udah siapin sound horeg buat merayakan verifan ,1854868377216704512,,thecowboyjunior,in,Marigold. Cowhands 13.,0,1,0,https://x.com/onminju/status/1854868377216704512,1563803946925563905,onminju
284,1854866722475721153,Fri Nov 08 12:43:27 +0000 2024,0,@s_y_lus Bikini Bottom jgn pilih Durian Runtuh soalnya konon katanya di sana ada sound horeg,1854867329823236524,,s_y_lus,in,,0,1,0,https://x.com/sm_it_ty/status/1854867329823236524,2822298264,sm_it_ty
285,1854005883979829605,Fri Nov 08 12:30:33 +0000 2024,0,@TamiVerina19 @lottiepie_store @fotodakwah @Tita83079013 Masak sih ga pernah liat ukht? Kok antum bisa tau sampe detail amplifier nya ada 10 20 biji? Sound horeg atau sound azan ya sebetulnya sama¬≤ sound kan ukht?,1854864082610143710,,TamiVerina19,in,Neraka,0,2,0,https://x.com/rudysirwi/status/1854864082610143710,1604204021215948800,rudysirwi
286,1854613318058885511,Fri Nov 08 12:25:42 +0000 2024,1,@rudysirwi suara2 dr toa itu bisa menyembuhkan segala macam penyakit klo sound horeg kan tidak cuma berisik ga ada pengaruhnya ,1854862861841141945,,rudysirwi,in,,0,1,0,https://x.com/Opt1misPrime/status/1854862861841141945,1734771242086113280,Opt1misPrime
287,1854751638449537095,Fri Nov 08 12:21:43 +0000 2024,0,@Rizieq_Sangean apa yg kamu harapkan dari manusia2 penyuka sound horeg?? kampungan iya....,1854861860186771503,,Rizieq_Sangean,in,,0,0,0,https://x.com/bakayo23167/status/1854861860186771503,1843933003069935616,bakayo23167
288,1854005883979829605,Fri Nov 08 12:18:30 +0000 2024,0,@rudysirwi @lottiepie_store @fotodakwah @Tita83079013 Gw si gak ngurusin sound horeg gak pernah liat juga dan menurut gw sound horeg gak bisa d samain ama adzan beda jauh..,1854861050589725127,,rudysirwi,in,,0,1,0,https://x.com/TamiVerina19/status/1854861050589725127,1227690092057133056,TamiVerina19
289,1854857755749933547,Fri Nov 08 12:05:25 +0000 2024,0,Sound horeg bikin sakit telinga plis,1854857755749933547,,,in,dimana mana hatiku senang.,0,0,0,https://x.com/lopehunt/status/1854857755749933547,1292312634314747911,lopehunt
290,1854483637473051118,Fri Nov 08 11:45:45 +0000 2024,0,@jihanacuu @jawafess oh karena dari awal dasar pemikiran sampean yg menganggap sound horeg seolah budaya jawa itu makanya sampean salah paham sampean menganggap seolah saya mengklaim sound horeg budaya jawa. maaf mas saya bukan fans sound horeg jadi yg sampean bilang ga relevan terhadap saya,1854852805800137104,,jihanacuu,in,sebelahnya etihad stadium,0,1,0,https://x.com/xleanxyz/status/1854852805800137104,1376136595963711494,xleanxyz
291,1854824051753337119,Fri Nov 08 11:41:00 +0000 2024,0,@xqlegfan anying sound horeg bapak kau mo acara dlm rangka aph,1854851611086274736,,xqlegfan,in,üîûü©∏,0,1,0,https://x.com/kalengtunaa/status/1854851611086274736,1471487384713793543,kalengtunaa
292,1854806721052459449,Fri Nov 08 11:40:11 +0000 2024,0,@stayinzayne Kamu mau playlistku ga? Isinya sound horeg,1854851408316793088,,stayinzayne,in,21+,0,1,0,https://x.com/Azeeyuu/status/1854851408316793088,1744046331319209984,Azeeyuu
293,1854828031069896847,Fri Nov 08 11:39:55 +0000 2024,0,@aldensGaby kesepian mulu butuh sound horeg,1854851339911938175,,aldensGaby,in,YKC,0,0,0,https://x.com/dopabloooo/status/1854851339911938175,1794118886251692032,dopabloooo
294,1854421277240659978,Fri Nov 08 06:29:17 +0000 2024,0,@Banyumasiana Kotak kosong nembe 17%...,1854773167551922356,,Banyumasiana,in,,0,0,0,https://x.com/zeldasukma/status/1854773167551922356,1845993726877093891,zeldasukma
295,1854472394913780141,Fri Nov 08 06:18:48 +0000 2024,0,@zakiberkata Awannya ke geser sama suara sound horeg,1854770529011745011,,zakiberkata,in,"Ganton village, Los Santos",0,0,0,https://x.com/WhoAmI_Enstein/status/1854770529011745011,1048004556901167104,WhoAmI_Enstein
296,1854762035458056517,Fri Nov 08 05:45:03 +0000 2024,0,dapat insight baru abis nntn volix eps sound horeg ternyata tidak separah yang diberitakan di media yah kaca pecah genteng ambrol sampai rumah roboh ternyata udah jd kesepakatan si penyedia sound sama desa tsb.. jadi ya win win solution aja,1854762035458056517,,,in,,0,1,0,https://x.com/halfnite/status/1854762035458056517,1036044546843455488,halfnite
297,1854445540987334996,Fri Nov 08 05:44:52 +0000 2024,1,@hourly_absurd_2 Wkwkw bgstt kena sound horeg lagunya gara-gara sebotol,1854761986363736082,,hourly_absurd_2,in,"Semarang, Jawa Tengah",0,0,0,https://x.com/bagoel00/status/1854761986363736082,1122353770111758336,bagoel00
298,1854398430405120341,Fri Nov 08 05:36:15 +0000 2024,0,@mengayommi @tanyakanrl Siap lawann sound horeg gakkk sehhh ,1854759820550979940,,mengayommi,in,,0,1,0,https://x.com/yesoyy3/status/1854759820550979940,1272472851279306753,yesoyy3
299,1854483637473051118,Fri Nov 08 05:33:20 +0000 2024,0,@jawafess Lu ketemi sound horeg + pendekar2 silit. Wes dirimu sedang bad day,1854759088003203288,,jawafess,in,~ Fiore ~,0,0,0,https://x.com/TeinjiDeWulf/status/1854759088003203288,176251791,TeinjiDeWulf
300,1854472394913780141,Fri Nov 08 05:28:46 +0000 2024,1,@zakiberkata awanya hilang karena kena getaran sound horeg cak,1854757938189287825,,zakiberkata,in,,0,0,0,https://x.com/hacibukai/status/1854757938189287825,1542419378,hacibukai
301,1854472394913780141,Fri Nov 08 05:24:27 +0000 2024,0,@zakiberkata Mungkin efek dari frekuensi suara sound horeg sehingga mempengaruhi pembentukan awan kumulonimbus secara masif. Bisa jadi awanya ogah nglewatin area jawa bag.timur ini ,1854756852409745740,,zakiberkata,in,Indonesia,0,0,0,https://x.com/perand_r/status/1854756852409745740,1563356534960037888,perand_r
302,1854751724831232143,Fri Nov 08 05:04:05 +0000 2024,0,di daerahku besok ada cek sound HOREG minggu nya acara battle 12 sound HOREG -_-,1854751724831232143,,,in,,0,0,0,https://x.com/ayangnyakamuu_/status/1854751724831232143,1559569664891449344,ayangnyakamuu_
303,1854672378854621647,Fri Nov 08 05:03:26 +0000 2024,0,@akbarfaizal68 gak bisa jadi patokan sih polling di twitter yg lebih menentukan itu rombongan tiktok sukolilo sound horeg dan semacamnya,1854751561265930396,,akbarfaizal68,in,Kandang,0,0,0,https://x.com/Tlethongsapi/status/1854751561265930396,1603634519420342273,Tlethongsapi
304,1854483637473051118,Fri Nov 08 05:02:02 +0000 2024,0,@jawafess namanya juga Perkumpulan Sound Horeg &amp; Tahlilan,1854751207400579414,,jawafess,in,,0,0,0,https://x.com/arnsuasanaseger/status/1854751207400579414,1451065885376929794,arnsuasanaseger
305,1854747230915498456,Fri Nov 08 04:46:14 +0000 2024,0,OH IYAAA SUMPAH DARI KEMAREN INI SELIWERAN AKU TUH MIKIR INI KEK GERAKAN APA YAA YG RAME2 TRS BARU INGET INI TUH KEK CEWEK2 DO SOUND HOREG,1854747230915498456,,,in,Republic of Korea,0,0,0,https://x.com/cbdwaekki25/status/1854747230915498456,1459533354349465603,cbdwaekki25
306,1854744037154226433,Fri Nov 08 04:33:32 +0000 2024,0,venom kalahnya sama sound horeg,1854744037154226433,,,in,Indonesia,0,1,0,https://x.com/iceeloongblaack/status/1854744037154226433,1459169039276658689,iceeloongblaack
307,1854743953045643362,Fri Nov 08 04:33:15 +0000 2024,0,Pas itu g kepikiran dan lupa klo gamelan di gunung dikaitin mistis. Trs temen gw A bales Itu mah org hajatan kali. Yaudah gw pikir iya kali suara hajatan di bwh. Di bwh mungkin hajatannya heboh pake sound horeg versi Jabar sampe suaranya kedengeran smpe pos 4 Cireme.,1854743964789715402,,NumbedStudent,in,,0,1,0,https://x.com/NumbedStudent/status/1854743964789715402,1675161847555555328,NumbedStudent
308,1854743008983629870,Fri Nov 08 04:29:27 +0000 2024,0,WKWKWKWKWK SOUND HOREG BJAY,1854743008983629870,,,in,,0,0,0,https://x.com/achuyyaa/status/1854743008983629870,1761002897113034752,achuyyaa
309,1854472394913780141,Fri Nov 08 04:26:18 +0000 2024,1,@entongwewew @zakiberkata kayak nya iya mulai akhir bulan okto sampai nov ini banyak acara sound horeg ,1854742217921007875,,entongwewew,in,,0,0,0,https://x.com/mario_an19/status/1854742217921007875,739948478760124416,mario_an19
310,1854005883979829605,Fri Nov 08 04:13:39 +0000 2024,0,@rudysirwi @lottiepie_store @fotodakwah @Tita83079013 Ya beda lah sound horeg ampli nya 10 apa 20 adzan kan ampli nya cuma 1 beda jauh lah.. hati lo aja yg keras panasan denger adzan udah kaya denger apa.. tetangga gue non muslim aja rumah nya deket mesjid gapapa katanya ga masalah udah friendly dia ama suara adzan..,1854739033085427812,,rudysirwi,in,,0,1,0,https://x.com/TamiVerina19/status/1854739033085427812,1227690092057133056,TamiVerina19
311,1854733021422965206,Fri Nov 08 03:49:46 +0000 2024,0,You said diskoria with sound horeg meanwhile di era sebelum 2000an blm ada tradisi sound horeg di diskotik,1854733021422965206,,,in,"Seoul, Republic of Korea",1,1,0,https://x.com/snowflakemlet/status/1854733021422965206,870265874355077120,snowflakemlet
312,1854730598092562854,Fri Nov 08 03:40:08 +0000 2024,0,CURIGA PASTI DI TIKTOK MEREKA LEWAT VIDEO MBAK-MBAK JOGET KARNAVAL SOUND HOREG,1854730598092562854,,,in,,0,1,0,https://x.com/kimseungm00/status/1854730598092562854,1180168066656636928,kimseungm00
313,1854728618213056809,Fri Nov 08 03:32:16 +0000 2024,0,anjing siapa yg nyiptain sound horeg apalah itu berisik banget anjingggg ganggu,1854728618213056809,,,in,,0,0,0,https://x.com/syaashimi_/status/1854728618213056809,1519435800298983424,syaashimi_
314,1854329282820259859,Fri Nov 08 03:14:10 +0000 2024,0,@StefanAntonio__ ..mending dia urusin lomba sound horeg... https://t.co/HmNwbyf2b6,1854724061693444099,https://pbs.twimg.com/media/Gb1NtHsbwAAU28k.jpg,StefanAntonio__,in,,0,0,0,https://x.com/daffiriffi/status/1854724061693444099,1604184554415493120,daffiriffi
315,1854722792106926331,Fri Nov 08 03:09:07 +0000 2024,0,Pingin puter lagu menghitung hari pake sound horeg,1854722792106926331,,,in,,0,0,0,https://x.com/jaksga/status/1854722792106926331,761976593442967552,jaksga
316,1854522361074319573,Fri Nov 08 03:04:40 +0000 2024,0,@V3g3L Cobain sekalian sound horeg dilewatkan melintasi propinsi Bali pas waktu hari raya Nyepi. Pengen tau kalo ga perang sama Pecalang2 di sana ,1854721670818476217,,V3g3L,in,Here there and everywhere,0,0,0,https://x.com/yaiaja/status/1854721670818476217,131829664,yaiaja
317,1854512154973819192,Fri Nov 08 02:47:51 +0000 2024,0,@bacottetangga__ Yg goblok bgini gak ada beda sama knalpot bronk dan sound horeg kalo ditanya artinya polusi juga capek depatnya ya kan bacain ayat kursi aja ubun2nya biar pergi rohnya dah!,1854717440686800985,,bacottetangga__,in,,0,0,0,https://x.com/K_S_P24/status/1854717440686800985,1752620968105897984,K_S_P24
318,1854716861679911246,Fri Nov 08 02:45:33 +0000 2024,2,nih lagu bener2 gaada jati dirinya sama sekali. nadanya semangat liriknya sedih jogetannya ala sound horeg,1854716861679911246,,,in,,1,0,0,https://x.com/reveriedrafts/status/1854716861679911246,2371407781,reveriedrafts
319,1854400153215713642,Fri Nov 08 02:45:25 +0000 2024,0,@KemenperinRI Kolaborasi PSHT x Horeg besok kalo mati ga usah diyasinin cukup asmr man rabbuka 24 jam pake sound horeg,1854716830151328045,,KemenperinRI,in,,0,0,0,https://x.com/psisonderpt2/status/1854716830151328045,1672198056916443137,psisonderpt2
320,1854400153215713642,Fri Nov 08 02:39:54 +0000 2024,0,@KemenperinRI Sound horeg brengsek ngiringin bajingan silat. Kombo maut merusak intelektual. Pemerintah seneng ngeliatnya makin banyak orang goblok makin gampang diatur,1854715440800710995,,KemenperinRI,in,,0,0,0,https://x.com/leftside_65/status/1854715440800710995,1793670619688841216,leftside_65
321,1854472394913780141,Fri Nov 08 02:38:08 +0000 2024,0,@zakiberkata awannya keusir gelombang suara sound horeg yang kencengnya sampe stratosfer,1854714993432051862,,zakiberkata,in,"DKI Jakarta, Indonesia",0,0,0,https://x.com/prswhyu8/status/1854714993432051862,501489715,prswhyu8
322,1854709208052384205,Fri Nov 08 02:26:49 +0000 2024,0,@daontehmuda Gemes banget skz code ini :(( pas twerking ada yg komen kayak backdancernya sound horeg aku ngakak banget ,1854712149538750558,,daontehmuda,in,stayville,0,0,0,https://x.com/eystarlost/status/1854712149538750558,706973265504243712,eystarlost
323,1854502894726254779,Fri Nov 08 02:26:41 +0000 2024,0,@yunifajriyah @starfess KAK KETAWA BANGETTTT KENAPA SOUND HOREG SII,1854712112909893982,,yunifajriyah,in,,0,0,0,https://x.com/bojobrian/status/1854712112909893982,1293382739513679872,bojobrian
324,1854483637473051118,Fri Nov 08 00:38:44 +0000 2024,0,@jawafess lalu yg bawa sound horeg emak¬≤,1854684949259161730,,jawafess,in,Indonesia,0,0,0,https://x.com/yo_cuttheact/status/1854684949259161730,761499632161558528,yo_cuttheact
325,1854586105569714526,Fri Nov 08 00:09:36 +0000 2024,20,@RealestFarzet Translate dari video tersebut dia bilang jgn coba bawa sound horeg ke tanah papua kmi tidak ingin budeg cam kan itu,1854677617494122570,,RealestFarzet,in,"Yogyakarta, Indonesia",0,0,1,https://x.com/anggmusk/status/1854677617494122570,1333971906588905473,anggmusk
326,1854676941871235467,Fri Nov 08 00:06:55 +0000 2024,0,kalo ada sound horeg yg lewat trus ngerusak ya bakar aja udah .,1854676941871235467,,,in,pasundan,0,0,0,https://x.com/satriamadang88/status/1854676941871235467,1643586947741548545,satriamadang88
327,1853699915077321176,Thu Nov 07 23:52:03 +0000 2024,0,@opposite6892 Biarkan dia dikubur nanti sama sound horeg nya,1854673200967565424,,opposite6892,in,,0,0,0,https://x.com/KuryadiSalman/status/1854673200967565424,1465327539790831619,KuryadiSalman
328,1854370880073368004,Thu Nov 07 23:49:04 +0000 2024,0,@ismailfahmi saatnya Indo berpartisipasi kirim sound horeg dan amunisi sampah satu kapal tanker ke tel aviv,1854672447607541929,,ismailfahmi,in,wakanda,0,0,0,https://x.com/justr1mja/status/1854672447607541929,1104200677088145408,justr1mja
329,1854517523905180041,Thu Nov 07 23:48:28 +0000 2024,0,@cyumins bentar lagi ada sound horeg lewat mars,1854672297917137185,,cyumins,in,"Bandung, Jawa Barat",0,0,0,https://x.com/alifa_taz/status/1854672297917137185,1258623871797714944,alifa_taz
330,1854659526802522434,Thu Nov 07 22:57:43 +0000 2024,0,ini masih pagi banget plis sibuk bener udah nyetel sound horeg elaaaaahhhhhhh. jangan mentang mentang anak rt loooo,1854659526802522434,,,in,,0,2,0,https://x.com/hoonpinggu/status/1854659526802522434,1824367001936257024,hoonpinggu
331,1854554004589871456,Thu Nov 07 22:29:50 +0000 2024,0,@foreajst hamdallah.. memang lu harus dihukum dengerin typical story 17 kali pake sound horeg,1854652510285578268,,foreajst,in,,0,0,0,https://x.com/xjwejetx/status/1854652510285578268,1481273554151034880,xjwejetx
332,1854171898567094434,Thu Nov 07 22:19:55 +0000 2024,0,@kesendrian Gw lebih mendukung ini drpada sound horeg,1854650011587637508,,kesendrian,in,,0,0,0,https://x.com/Nemonoby/status/1854650011587637508,1424950325484548096,Nemonoby
333,1854575416083988569,Thu Nov 07 22:12:32 +0000 2024,0,@YourN0t1 gw dibelakang rumah orang lagi bikin siasat ngeledakin tuh sound horeg,1854648153137725937,,YourN0t1,in,"Kota Malang, Jawa Timur",0,0,0,https://x.com/shidkuuyy/status/1854648153137725937,1321456312606023680,shidkuuyy
334,1854638776930517306,Thu Nov 07 21:35:16 +0000 2024,0,Tak kiro sound horeg. Bajingan tenan.,1854638776930517306,,,in,Skellige,0,1,0,https://x.com/ragingbrachyd/status/1854638776930517306,884229314832605184,ragingbrachyd
335,1854500208564207906,Thu Nov 07 20:27:31 +0000 2024,1,@hyunjincentil mirip back dancers nya sound horegMAAFFFF,1854621726350754242,,hyunjincentil,in,,0,1,0,https://x.com/blurbewiee/status/1854621726350754242,1302298424188874752,blurbewiee
336,1853699915077321176,Thu Nov 07 19:54:10 +0000 2024,1,@opposite6892 Kenapa ga bisa saling toleransi aja? Kalo orang harus menghormati suara azan kenapa ga bisa menghormati suara sound horeg juga? Kalo bisa jalan bersamaan kan seru. Ga perlu menghalangi satu sama lain. Begitulah seharusnya toleransi.,1854613335591076335,,opposite6892,in,Neraka,0,0,0,https://x.com/rudysirwi/status/1854613335591076335,1604204021215948800,rudysirwi
337,1854613318058885511,Thu Nov 07 19:54:06 +0000 2024,36,Kenapa ga bisa saling toleransi aja? Kalo orang harus menghormati suara azan kenapa ga bisa menghormati suara sound horeg juga? Kalo bisa jalan bersamaan kan seru. Ga perlu menghalangi satu sama lain. Begitulah seharusnya toleransi.,1854613318058885511,,,in,Neraka,1,11,10,https://x.com/rudysirwi/status/1854613318058885511,1604204021215948800,rudysirwi
338,1854005883979829605,Thu Nov 07 19:47:33 +0000 2024,1,@lottiepie_store @fotodakwah @Tita83079013 Maka toleransi lah pada sound horeg juga..,1854611669055685074,,lottiepie_store,in,Neraka,0,1,0,https://x.com/rudysirwi/status/1854611669055685074,1604204021215948800,rudysirwi
339,1854588834732032459,Thu Nov 07 18:16:49 +0000 2024,0,Musik itu haram &gt; sound horeg,1854588834732032459,,,in,"Agam, Sumatera Barat",0,0,0,https://x.com/Fajryguci/status/1854588834732032459,550961248,Fajryguci
340,1854400153215713642,Thu Nov 07 17:32:08 +0000 2024,0,@KemenperinRI analisis keterkaitan sound horeg dan joget psht dalam membangun harmoni sosial di jawa timur (studi kasus),1854577591300374558,,KemenperinRI,in,57752,0,1,0,https://x.com/fitomvb/status/1854577591300374558,1207820271068962816,fitomvb
341,1854065921511616693,Thu Nov 07 17:30:24 +0000 2024,0,@mncrgknskl dari namanya udah jelas sih sound horeg. jadi abaikan ya gaess,1854577155386359830,,mncrgknskl,in,Cipanas,0,0,0,https://x.com/Jinaka10/status/1854577155386359830,1265370311697895424,Jinaka10
342,1854566225076273317,Thu Nov 07 16:46:58 +0000 2024,0,sound horeg nih nyusul ayo warga east coast,1854566225076273317,,,in,,0,0,0,https://x.com/exquisitorry/status/1854566225076273317,2226313134,exquisitorry
343,1854461479937868110,Thu Nov 07 09:50:45 +0000 2024,0,tonggoku bendinane nyetel dj sound horeg moro2 nyetel die with a smile,1854461479937868110,,,in,"Kepanjen Kidul, Indonesia",1,0,0,https://x.com/aringgafda/status/1854461479937868110,1425687413376962564,aringgafda
344,1854343183553220722,Thu Nov 07 09:33:34 +0000 2024,0,@feedemady Jawir pada unik SOUND HOREG JAMET PESILAT KLITIH DLL WOW,1854457154977329538,,feedemady,in,,0,0,0,https://x.com/SuccubusParadok/status/1854457154977329538,1831663913437736960,SuccubusParadok
345,1854171898567094434,Thu Nov 07 09:29:45 +0000 2024,6,@kesendrian JAMET merupakan budaya yang unik SOUND HOREG dan JAMET sangat luar biasa + PARA PESILAT wih mantap budaya yang luar biasa. Kenapa di pulau lain ga ada ya ,1854456192443281730,,kesendrian,in,,0,0,0,https://x.com/SuccubusParadok/status/1854456192443281730,1831663913437736960,SuccubusParadok
346,1854450752477094199,Thu Nov 07 09:08:08 +0000 2024,0,Selamat kepada Bapak Prabowo Subianto dan Gibran Rakabuming Raka sebagai Presiden dan Wakil Presiden Indonesia Tahun 2024-2029 dari Humas Paguyuban Pemuda Kec. Magelang Tengah #PrabowoGibran https://t.co/3yJZlnkjeU,1854450752477094199,https://pbs.twimg.com/ext_tw_video_thumb/1854450577000075264/pu/img/rsqOQjhUvkAuvOTP.jpg,,in,"Kebumen, Jawa Tengah",0,0,0,https://x.com/amar_Sound3/status/1854450752477094199,1067555281,amar_Sound3
347,1854442739238314144,Thu Nov 07 08:36:17 +0000 2024,0,swami: pindah sini ta? enak tetangga e ga ada yg bakar-bakar sampah. emang iyahh? ga ada sound horeg juga?,1854442739238314144,,,in,Indonesia,0,0,0,https://x.com/chyrhmsr/status/1854442739238314144,129756523,chyrhmsr
348,1854420811215692061,Thu Nov 07 08:18:41 +0000 2024,0,@maqnite Usilin pake sound horeg wkwk,1854438309793317320,,maqnite,in,üíôüñ§,0,0,0,https://x.com/TheSeblak/status/1854438309793317320,1646799542,TheSeblak
349,1854404058284687741,Thu Nov 07 08:09:04 +0000 2024,0,@yujsuh jj nya udah cocok diputer pake sound horeg ,1854435889906397664,,yujsuh,in,,0,0,0,https://x.com/putri_ch77/status/1854435889906397664,2273969730,putri_ch77
350,1854424630095949927,Thu Nov 07 08:08:26 +0000 2024,0,@brzcha ngk la asal ngk party sound horeg,1854435728278901238,,brzcha,in,Sarawak ,0,1,0,https://x.com/3usri/status/1854435728278901238,1220006991130591232,3usri
351,1852877563036909586,Thu Nov 07 08:01:52 +0000 2024,0,@irshenlin „Ö§ Semoga bisa jadi evaluasi. Sound horeg itu kasihan lho yang tua-tua. „Ö§,1854434079174975871,,irshenlin,in,,0,1,0,https://x.com/kipjss/status/1854434079174975871,836029236062216193,kipjss
352,1854433472154386733,Thu Nov 07 07:59:28 +0000 2024,0,tenang kita negosiasi sama pemilik sound horeg nanti,1854433472154386733,,,in,ü¶ãüåª,0,0,0,https://x.com/mengaharubiruu/status/1854433472154386733,1245944785883414529,mengaharubiruu
353,1854432048221671883,Thu Nov 07 07:53:48 +0000 2024,1,Ormas silat udah collab sound horeg kah ini?,1854432048221671883,,,in,,0,0,0,https://x.com/molanosX/status/1854432048221671883,192513886,molanosX
354,1854418611148136668,Thu Nov 07 07:44:48 +0000 2024,1,@hartonheart @ygent_official @ygtreasuremaker setujuuuu kalo perlu kita sewain sound horeg sekalian‚Äç‚ÜïÔ∏è,1854429782823588072,,hartonheart,in,read rentry byf,0,1,0,https://x.com/everychs/status/1854429782823588072,802722069280477185,everychs
355,1853699915077321176,Thu Nov 07 07:32:29 +0000 2024,0,@diabara_ @opposite6892 sound horeg tuh lebih keras dari sound hajatan kah? kalo iya parah bgt sih soalnya menurut gua sound hajatan aja udah sakit dada apalagi sound horeg gk kebayang nenek/kake yang deket situ,1854426681714286684,,diabara_,in,,0,0,0,https://x.com/SyukuriI29668/status/1854426681714286684,1708187165757513728,SyukuriI29668
356,1854421322975309829,Thu Nov 07 07:11:11 +0000 2024,0,truck nya udah pada sampe ya kirimin sound horeg juga plis #treasure #2024MAMAVOTE,1854421322975309829,,,in,"Bali, Indonesia",0,4,0,https://x.com/lexxtvjst/status/1854421322975309829,1740005838377656320,lexxtvjst
357,1854404023912432069,Thu Nov 07 07:10:54 +0000 2024,0,@airis_ryn AWOAKWOWKWKWW MEMASANG SOUND HOREG SATU MINGGU BERTURUT TURUT DISEPANJANG JALAN SAMBIL MEMBENTANGKAN BENDERA SAD ENDING#PeacefulPropertySeriesEP11,1854421251932168427,,airis_ryn,in,"100% Honey, OffNew addict.",0,1,0,https://x.com/ourcspolarrrie_/status/1854421251932168427,1682709498547535873,ourcspolarrrie_
358,1854005883979829605,Thu Nov 07 06:54:34 +0000 2024,0,@Tita83079013 Sumpah aku ga terganggu sama suara adzan dan ngaji2nya tp plis benahi kualitas speakernya. Nyaring pol nyeter ning kuping koyo sound horeg,1854417140570616186,,Tita83079013,in,"Ungaran, Indonesia",0,0,0,https://x.com/heranikaa/status/1854417140570616186,1273798959018807297,heranikaa
359,1854417042218406197,Thu Nov 07 06:54:10 +0000 2024,2,@ ten besok kalo mau konser lagi depan rumah gw aja halamannya luas kok suka buat posyandu bahkan. sound systemnya ntar gua datengin sound horeg biar mantep,1854417042218406197,,,in,INFJ. üíú 6V,0,1,0,https://x.com/tenvellys/status/1854417042218406197,1573488777351561216,tenvellys
360,1854345336762024188,Thu Nov 07 03:45:20 +0000 2024,0,@Hitlersoleh_ Asli cup ditambah sound horeg,1854369518916923703,,Hitlersoleh_,in,Zimbabwe,0,0,0,https://x.com/cham_archamm/status/1854369518916923703,714751140764717056,cham_archamm
361,1854342167470485723,Thu Nov 07 03:43:13 +0000 2024,0,@KesetwelcomeO_O Aku yg orang jatim sendiri berharap ada larangan sound horeg kok ganggu bnget,1854368987091734966,,KesetwelcomeO_O,in,,0,1,0,https://x.com/apelijo04123953/status/1854368987091734966,1509847863433785346,apelijo04123953
362,1854027393767510205,Thu Nov 07 03:41:01 +0000 2024,0,@ranikakuy @deCarmenLucie @alanahinata Sekalian sound horeg isinya lagu dangdut halalin aku.,1854368433946951686,,ranikakuy,in,Baby Derren‚îÄ‚îÄ ‚ô°,0,0,0,https://x.com/sellenophilev/status/1854368433946951686,822672959785447428,sellenophilev
363,1854367395193995581,Thu Nov 07 03:36:54 +0000 2024,0,Ini kapan sihhh sound horeg selesai? Warga sana apa gaada hiburan lain kahh? Cape bgtttt,1854367395193995581,,,in,Indonesia,0,0,0,https://x.com/anggoon__/status/1854367395193995581,2540534056,anggoon__
364,1854032321978290412,Thu Nov 07 03:29:26 +0000 2024,0,@bacottetangga__ hancurkan sound horeg bikin penyakit,1854365518180024691,,bacottetangga__,in,,0,0,0,https://x.com/nuralam317/status/1854365518180024691,1239565987260710912,nuralam317
365,1854005883979829605,Thu Nov 07 03:28:52 +0000 2024,0,@himawanlim @Tita83079013 Besok2 sekalian aja ditanggap pake sound horeg...biar makin gelo ,1854365376571940938,,himawanlim,in,Bangsa Tanpa Negara,0,1,0,https://x.com/ovyz_groovesick/status/1854365376571940938,1773872811435827200,ovyz_groovesick
366,1854032321978290412,Thu Nov 07 03:26:28 +0000 2024,0,@bacottetangga__ sudah saatnya Soundhoreg ini dikenai Pajak. Kl sudah kena wajib pajak Sound-nya pasti gak Horeg lagi... ,1854364773061935403,,bacottetangga__,in,,0,0,0,https://x.com/cangporcang1/status/1854364773061935403,1459571152326594561,cangporcang1
367,1854032321978290412,Thu Nov 07 03:21:15 +0000 2024,1,@AngelaP87434352 @bacottetangga__ Ntr kalau mati kasih sound horeg aj jangan diadzanin ?,1854363457254314403,,AngelaP87434352,in,plongo land,0,1,1,https://x.com/MamangReborn/status/1854363457254314403,1604692705472233472,MamangReborn
368,1854032321978290412,Thu Nov 07 03:20:12 +0000 2024,0,@bacottetangga__ Bakar aj tuh sound horeg !,1854363195106070671,,bacottetangga__,in,plongo land,0,0,0,https://x.com/MamangReborn/status/1854363195106070671,1604692705472233472,MamangReborn
369,1854072226435227995,Thu Nov 07 03:13:12 +0000 2024,1,@detikcom Saran biar semangat puter sound horeg aja pak... biar gak pada ngantuk cocok pula diputer di gedung dewan mueheheheheheheh,1854361432420438223,,detikcom,in,,0,0,0,https://x.com/dickiyow517/status/1854361432420438223,2328281618,dickiyow517
370,1854032321978290412,Thu Nov 07 03:00:30 +0000 2024,1,@bacottetangga__ Ya Allah ya Rabbi.. Sound horeg ini memang sangat-sangat mresahkn dunia. Sudah merusak bangunan kendang telinga tapi orang2nya gk mau berhenti kyk kerasukan sj mreka gmw brhenti. Walau azan walau rumah runtuh tetap jalan saja. Astaghfirullahal'adzim. https://t.co/LaZ6H2i6Wl,1854358235903652151,,bacottetangga__,in,,0,1,1,https://x.com/AngelaP87434352/status/1854358235903652151,1726381220785770496,AngelaP87434352
371,1854032321978290412,Thu Nov 07 02:48:30 +0000 2024,0,@bacottetangga__ Tolong para kaum ulama memberikan fatwa haram sound horeg. Kita ganyang rame2,1854355216109617575,,bacottetangga__,in,Wakanda Land,0,0,0,https://x.com/sangsenja2022/status/1854355216109617575,938304350232997888,sangsenja2022
372,1854355075176759342,Thu Nov 07 02:47:56 +0000 2024,0,Seniman dan Pecinta Sound Horeg Dukung Deny-Mudawamah di Pilbup Kediri Harap Izin Pertunjukkan Dipermudah https://t.co/QKdWSWRiiL #denymudawamah #kader #pdip #partai #pilbup2024 #menujukedirihebat #calonbupati #infokediri #soundhoreg #seniman #coblosblangkone #metaranews https://t.co/CXFKkcx0P7,1854355075176759342,https://pbs.twimg.com/media/Gbv9_jDbEAAvbrI.jpg,,in,"Jawa Timur, Indonesia",0,0,0,https://x.com/MetaraNews/status/1854355075176759342,1493682253242589185,MetaraNews
373,1854005883979829605,Thu Nov 07 02:44:56 +0000 2024,65,@fotodakwah @Tita83079013 Orang protes itu bukan karena takut khi. Tapi karena terganggu. Protes azan sama saja dengan protes sound horeg. Berisik ganggu ketenangan orang..,1854354320730513578,,fotodakwah,in,Neraka,0,9,1,https://x.com/rudysirwi/status/1854354320730513578,1604204021215948800,rudysirwi
374,1854005883979829605,Thu Nov 07 02:41:44 +0000 2024,20,@fotodakwah @Tita83079013 beda takut beda terganggu bagi kami yg non muslim (dan mungkin sebagian dari sodara muslim) mau suara azan atau suara sound horeg gak ada bedanya ,1854353513335390219,,fotodakwah,in,"Medan Barat, Indonesia",0,4,1,https://x.com/Joeappocalypse/status/1854353513335390219,1799629930575388672,Joeappocalypse
375,1854350497840521548,Thu Nov 07 02:29:45 +0000 2024,20,Bahkan sound horeg sekarang sudah mulai semarak di kurik,1854350497840521548,,,in,,0,1,4,https://x.com/jayapuraupdate/status/1854350497840521548,771460293566140416,jayapuraupdate
376,1854350387312316666,Thu Nov 07 02:29:19 +0000 2024,0,mecim aku ae ate ngruokne suarane ricky kudu nyekeli kabel speaker sik. speaker lawas soale. wingi yonk betot ricky ndek ngarepku pas suarane gak patio manteb padahal wes bayar sekian jt ambe bass e sound horeg ae kalah manteb kocaklah mecim. sorry sik gurung ikhlas https://t.co/XHj1AgKAhI,1854350387312316666,https://pbs.twimg.com/ext_tw_video_thumb/1854350331595112448/pu/img/oi-_dUTZXo2Ge1aT.jpg,,in,,0,1,0,https://x.com/096f18_/status/1854350387312316666,416730357,096f18_
