"conversation_id_str","created_at","favorite_count","full_text","id_str","image_url","in_reply_to_screen_name","lang","location","quote_count","reply_count","retweet_count","tweet_url","user_id_str","username"
"1855378112520900869","Sat Nov 09 22:46:25 +0000 2024","1","@Wheelman_666 Yes the mainstream media lie is that it was a fight between football team supporters. The truth is that Jewish supporters back both teams (Ajax Amsterdam and Maccabi Tel Aviv) so they would have us believe it was just the Jews fighting amongst themselves?","1855381457017172264","","Wheelman_666","en","New Zealand","0","3","0","https://x.com/kiwiwit/status/1855381457017172264","45813629","kiwiwit"
"1855299292321194208","Sat Nov 09 17:19:55 +0000 2024","0","The truth about what happened before during and after the football match between the Dutch team Ajax Amsterdam and the Israeli team Maccabi Tel Aviv in Amsterdam the day before yesterday . #Amsterdam #AmsterdamAttack #Gaza #Palestine #FreePalestine #RedCardIsrael #FIFA #UEFA https://t.co/XvrDJos1Vv","1855299292321194208","https://pbs.twimg.com/ext_tw_video_thumb/1855299212319051776/pu/img/_gVljQJ6_sC1a2ny.jpg","","en","","0","3","0","https://x.com/ChiIicko0o0____/status/1855299292321194208","1662308490822516736","ChiIicko0o0____"
"1855292290492752332","Sat Nov 09 16:52:06 +0000 2024","7","An antisemitic mob brutally attacked Israeli soccer fans who traveled to watch the Europa League game between Ajax Amsterdam and Maccabi Tel Aviv.¬†| @StrackHaley https://t.co/H4nsrXhqB1","1855292290492752332","","","en","New York","0","3","2","https://x.com/NRO/status/1855292290492752332","19417492","NRO"
"1855269799208649144","Sat Nov 09 15:22:44 +0000 2024","1","#BREAKING #Maccabi supporters attempted to set the flags of #Palestine and #Netherlands on fire at the stadium of #Ajax. #Amsterdam #MaccabiTelAviv https://t.co/fPClVHHNpI","1855269799208649144","https://pbs.twimg.com/amplify_video_thumb/1855269719902744576/img/Yb8r2WtHm8yvyoin.jpg","","en","","0","0","3","https://x.com/8zal/status/1855269799208649144","267614664","8zal"
"1854892679831720330","Sat Nov 09 12:51:20 +0000 2024","28","@JustinTrudeau As their so-called Maccabi Tel Aviv club took on Ajax Amsterdam in a Europa League game the travelling Israelis (some of them soldiers in the Israeli occupation forces)¬†terrorisesd Amsterdammers beat up a taxi driver tore down Palestinian flags¬†hanging in front of various","1855231698461392944","","JustinTrudeau","en","Washington DC","0","1","1","https://x.com/Truegreta/status/1855231698461392944","323847624","Truegreta"
"1855031332121776150","Sat Nov 09 12:49:31 +0000 2024","3","From an eye witness. As their so-called Maccabi Tel Aviv club took on Ajax Amsterdam in a Europa League game the travelling Israelis (some of them soldiers in the Israeli occupation forces)¬†terrorisesd Amsterdammers beat up a taxi driver tore down Palestinian flags¬†hanging in","1855231242624524666","","Truegreta","en","Washington DC","0","0","1","https://x.com/Truegreta/status/1855231242624524666","323847624","Truegreta"
"1854899703634153754","Sat Nov 09 12:45:52 +0000 2024","26","@Megatron_ron As their so-called Maccabi Tel Aviv club took on Ajax Amsterdam in a Europa League game the travelling Israelis (some of them soldiers in the Israeli occupation forces)¬†terrorisesd Amsterdammers beat up a taxi driver tore down Palestinian flags¬†hanging in front of various","1855230322868212165","","Truegreta","en","Washington DC","0","0","4","https://x.com/Truegreta/status/1855230322868212165","323847624","Truegreta"
"1855067605574296000","Sat Nov 09 12:45:29 +0000 2024","6","@MaxBlumenthal From an eye witness As their so-called Maccabi Tel Aviv club took on Ajax Amsterdam in a Europa League game the travelling Israelis (some of them soldiers in the Israeli occupation forces)¬†terrorisesd Amsterdammers beat up a taxi driver tore down Palestinian flags¬†hanging in","1855230229117124792","","MaxBlumenthal","en","Washington DC","0","0","4","https://x.com/Truegreta/status/1855230229117124792","323847624","Truegreta"
"1855200692794773990","Sat Nov 09 10:48:07 +0000 2024","0","'The Israeli Foreign Ministry announced that 10 Israelis were injured and two others went missing after being attacked in Amsterdam following a match between Ajax Amsterdam and Maccabi Tel Aviv in the European League which ended with Ajax winning 5-0.'","1855200692794773990","","","en","Britain","0","0","0","https://x.com/rogerablackwell/status/1855200692794773990","86565297","rogerablackwell"
"1855190344008081847","Sat Nov 09 10:07:00 +0000 2024","3","1/10 @ajplus Israeli football fans chanted racist anti-Arab and anti-Palestinian slogans in Amsterdam ahead of a UEFA match between Israel s Maccabi Tel Aviv and Ajax Amsterdam. #Amsterdam #Israel #Football #Netherlands #MaccabiTelAviv #Palestine #Palestinian #UEFA #FIFA https://t.co/6PjUjiZZTX","1855190344008081847","https://pbs.twimg.com/media/Gb71yTlXkAEAEqQ.jpg","","en","London, England","1","1","1","https://x.com/ChezSoryuChris/status/1855190344008081847","1106175367407124481","ChezSoryuChris"
"1854739163666325626","Sat Nov 09 10:00:54 +0000 2024","1","@Daniel85401173 @HenMazzig im jewish. my point is that hunting jews on the streets of amsterdam is not a daily occurence like most people are trying to say. the arab Ô∏èunts did this shit because there was a football match between an israeli team maccabi tel aviv and ajax amsterdam . if there wasnt a","1855188811103469791","","Daniel85401173","en","tel aviv","0","0","0","https://x.com/killahkillahboo/status/1855188811103469791","1609057277822238721","killahkillahboo"
"1855186100605825178","Sat Nov 09 09:50:08 +0000 2024","5","When they tore down the Palestinian flag in the Dutch capital before Maccabi Tel Aviv's match against Ajax Amsterdam sparking a massive protest. This is how it all started... #ÿßŸÖÿ≥ÿ™ÿ±ÿØÿßŸÖ #ÿ∑ŸàŸÅÿßŸÜ_ÿßŸÑÿßŸÇÿµŸâ2 #ÿ¨Ÿäÿ¥_ÿßŸÑŸÅÿØÿßÿ¶ŸäŸäŸÜ https://t.co/JYzv1P7sFP","1855186100605825178","https://pbs.twimg.com/ext_tw_video_thumb/1855186085690986496/pu/img/irG5T5FjzfBVtzN9.jpg","","en","","0","1","5","https://x.com/Defataiyash396/status/1855186100605825178","1837169799761391616","Defataiyash396"
"1855157422811496930","Sat Nov 09 07:56:11 +0000 2024","1","Mohammad Tariq Anees's answer to Why did the city of Amsterdam forbid pro-Palestinian demonstrators from protesting at the Europa League match between Maccabi Tel Aviv and Ajax Amsterdam? - Quora https://t.co/55YkKXlsvj","1855157422811496930","","","en","Lahore, Punjab, Pakistan","0","3","1","https://x.com/mta5own/status/1855157422811496930","1543124648606441474","mta5own"
"1855139439665610760","Sat Nov 09 06:44:43 +0000 2024","0","Dozens of Maccabi Tel Aviv fans beat an unarmed Moroccan child days before their team's match against Ajax Amsterdam. #AmsterdamAttack","1855139439665610760","","","en","","0","0","0","https://x.com/candle767/status/1855139439665610760","1478983963888832514","candle767"
"1855127475941970153","Sat Nov 09 05:57:11 +0000 2024","1","i support violence against both ajax amsterdam and maccabi tel aviv because they aint my club. too bad english firms are weak as shit now","1855127475941970153","","","en","Ê≤≥ÂÜÖ","0","1","0","https://x.com/CXC_RyukoM/status/1855127475941970153","1221484972520796160","CXC_RyukoM"
"1855089547392303145","Sat Nov 09 03:26:28 +0000 2024","4","Video documented Israeli fans tearing down a Palestinian flag in the Dutch capital before Maccabi Tel Aviv's match against Ajax Amsterdam sparking protests. #ÿßŸÖÿ≥ÿ™ÿ±ÿØÿßŸÖ #ÿßŸÜÿ™ŸÇÿßŸÖÿ¢_ŸÑÿ∫ÿ≤ÿ© #ÿ¨Ÿäÿ¥_ÿßŸÑŸÅÿØÿßÿ¶ŸäŸäŸÜ https://t.co/IRwK3F4lnT","1855089547392303145","https://pbs.twimg.com/ext_tw_video_thumb/1855089526131376128/pu/img/27r28AGEhvvPtMdl.jpg","","en","","0","2","5","https://x.com/nuaiman48075/status/1855089547392303145","1844546695050473472","nuaiman48075"
"1855068772752609535","Sat Nov 09 02:03:55 +0000 2024","1","What happened in Netherlands the day before yesterday after the football match between Ajax Amsterdam vs. Maccabi Tel Aviv is expected to be repeated again in many countries . #AmsterdamAttack #IsraelTerrorists #Israel_Enemy_of_Humanity #Gaza #Palestine #FreePalestine https://t.co/KcySImaJQ1","1855068772752609535","https://pbs.twimg.com/media/Gb6HN5uWIAAldh1.jpg","","en","","0","5","0","https://x.com/ChiIicko0o0____/status/1855068772752609535","1662308490822516736","ChiIicko0o0____"
"1854722117985550836","Sat Nov 09 00:45:04 +0000 2024","0","@MelissaLantsman Some footage also showed Israeli supporters chanting anti-Arab slogans before Thursday evening's match between Maccabi Tel Aviv and Ajax Amsterdam.","1855048930121146501","","MelissaLantsman","en","Ottawa ","0","1","0","https://x.com/IpcaSakitawak/status/1855048930121146501","1446566047604219907","IpcaSakitawak"
"1855048721811357900","Sat Nov 09 00:44:15 +0000 2024","0","Some footage also showed Israeli supporters chanting anti-Arab slogans before Thursday evening's match between Maccabi Tel Aviv and Ajax Amsterdam.","1855048721811357900","","","en","Ottawa ","0","1","0","https://x.com/IpcaSakitawak/status/1855048721811357900","1446566047604219907","IpcaSakitawak"
"1855043998324531285","Sat Nov 09 00:29:59 +0000 2024","0","Funnily enough Maccabi Tel Aviv's ultras firm Fanatics have a friendship with Ajax Amsterdam's ultras VAK 410 https://t.co/FGMHA5pkpj","1855045132330188867","https://pbs.twimg.com/media/Gb5xXDrXUAAxMO8.jpg","Joao_Bx","en","Brussels; Lisbon","0","3","0","https://x.com/Joao_Bx/status/1855045132330188867","2188116758","Joao_Bx"
"1855042190499889487","Sat Nov 09 00:18:17 +0000 2024","0"," An anti-semitic mob brutally attacked Israeli soccer fans who traveled to watch the Europa League game between Ajax Amsterdam and Maccabi Tel Aviv in Amsterdam Thursday evening. https://t.co/910pZNWxBw","1855042190499889487","","","en","Ecotopia","0","0","0","https://x.com/JASmius/status/1855042190499889487","17938722","JASmius"
"1855027213084901655","Fri Nov 08 23:18:46 +0000 2024","0",": What do you expect when you sing about burning Gaza? A Dutch activist comments on the clashes that took place in the streets of the capital Amsterdam following the match between Ajax Amsterdam and Maccabi Tel Aviv.","1855027213084901655","","","en","Syria","0","0","0","https://x.com/mahmod331981/status/1855027213084901655","1614160416","mahmod331981"
"1855006559182766349","Fri Nov 08 21:56:54 +0000 2024","1","4. Following Maccabi Tel Aviv's heavy defeat by Ajax Amsterdam (5-0) the mobs took to the streets again heading to the Dam Square and repeating the scenes from the previous night but this time tearing down Palestinian flags displayed on houses and attacking Muslim taxi drivers","1855006609321476283","","AqsaFrontline","en","","0","1","0","https://x.com/AqsaFrontline/status/1855006609321476283","1715195721329389568","AqsaFrontline"
"1855005081411735996","Fri Nov 08 21:50:50 +0000 2024","3","The fact that Maccabi Tel Aviv were BEATEN 5-0 BY AJAX AMSTERDAM and instead of the fans going back to Israel with their tail between their legs they start a riot tells you everything you need to know about the Israeli psyche.","1855005081411735996","","","en","Wiradjuri country, Australia","0","0","2","https://x.com/thedoublefelix/status/1855005081411735996","295636829","thedoublefelix"
"1854912893591929157","Fri Nov 08 15:44:31 +0000 2024","3","Israeli Maccabi Tel Aviv defeat Ajax Amsterdam 5-0 their fans marched streets tearing down Palestinian flags and chanting fuck the Arabs . Moroccans and Algerians retaliated. Some shouted Free Palestine to get away. Western media says it was an anti-Semitic attack. ","1854912893591929157","","","en","Amman","0","0","1","https://x.com/rtdney/status/1854912893591929157","262565539","rtdney"
"1854889312837398738","Fri Nov 08 14:10:49 +0000 2024","105","Playing the anti-Semitism card again officials are making no mention of Maccabi Tel Aviv fans storming through the city tearing down Palestinian flags on private property and chanting incendiary slogans. #Ajax #Amsterdam https://t.co/AHVkmfUI3v","1854889312837398738","","","en","","2","3","42","https://x.com/MayadeenEnglish/status/1854889312837398738","1295405245011460096","MayadeenEnglish"
"1854888443207090553","Fri Nov 08 14:07:21 +0000 2024","0","08.11.2024 - Netherlands/Amsterdam: Yesterday the match Ajax Amsterdam versus Maccabi Tel Aviv took place. The Dutch beat the Jews 5-0. But... It's not the result that matters. After the match Jewish fans left the stadium chanting Fuck the Arabs and tearing down","1854888443207090553","","","en","","1","1","0","https://x.com/zawisza2017/status/1854888443207090553","113663004","zawisza2017"
"1854696602658631887","Fri Nov 08 13:51:22 +0000 2024","0","@leylahamed After tearing the Palestinian Flag Pro-Palestine supporters clashed with Israeli fans in the Dutch capital before the #MaccabiTelAviv match against Ajax #Amsterdam . #Netherlands https://t.co/TQdnXQkEYg","1854884420303331383","","leylahamed","en","","0","0","0","https://x.com/sahatenglish/status/1854884420303331383","1728706267953180674","sahatenglish"
"1854883653026730038","Fri Nov 08 13:48:19 +0000 2024","0","The obvious question of course is why on Earth are Israeli teams still allowed to compete in @UEFA comps? #UEFA #MaccabiTelAviv #IsraelIsAnApartheidState #Ajax #Amsterdam Israeli football fans clash with protesters in Amsterdam https://t.co/JlbRGHc2cR via @YouTube","1854883653026730038","","","en","","0","0","0","https://x.com/FUHansBrix/status/1854883653026730038","286766662","FUHansBrix"
"1854879042354237591","Fri Nov 08 13:34:22 +0000 2024","2","@LegitTargets @jacksonhinklle üáµüá∏üá≥üá± Thousands of Dutch and Arab fans defeated the Israelis in the Dutch capital Amsterdam after the Maccabi Tel Aviv and Ajax Amsterdam match. https://t.co/YriDqD1ExX","1854880140905341154","https://pbs.twimg.com/amplify_video_thumb/1854880083724386304/img/0cGCD5IUl8tAHsNn.jpg","LegitTargets","en","Florida, USA","0","0","0","https://x.com/Sunshinebeam0/status/1854880140905341154","1718455648277372928","Sunshinebeam0"
"1854869274738757830","Fri Nov 08 12:54:23 +0000 2024","4","@StandWithUs Before the start of the match the management of the Ajax Amsterdam stadium requested a minute of silence for the victims of the Valencia floods in Spain. The Maccabi Tel Aviv fans did not abide by this and chanted racist slogans and lit flares to spite Spain Israelis started it.","1854870081857028315","","StandWithUs","en","Constantine - East Algeria","0","0","0","https://x.com/KAbdelmoundji/status/1854870081857028315","299757621","KAbdelmoundji"
"1854832346509242483","Fri Nov 08 10:24:27 +0000 2024","6","Israeli Prime Minister Benjamin Netanyahu condemned the anti-Semitic clashes that followed the Europa League match between Maccabi Tel-Aviv and hosts Ajax Amsterdam on Thursday. #sports #soccer #EuropaLeague #antisemitic #football #Israel #holland Read on https://t.co/8oe9hlGMMQ","1854832346509242483","https://pbs.twimg.com/media/Gb2wK7YbEAAkxMq.jpg","","en","South Africa","0","5","2","https://x.com/IOL/status/1854832346509242483","654203","IOL"
"1854831519551946926","Fri Nov 08 10:21:10 +0000 2024","3","That is not only mean but also antisemitic. How dare Ajax Amsterdam screw the chosen people like that? Uefa should intervene and ban Ajax from playing in all European competitions. #Netherlands || #Amsterdam #Ajax || #MaccabiTelAviv https://t.co/SLtqNKaY6t","1854831519551946926","https://pbs.twimg.com/media/Gb2vb_CbwAEqS76.jpg","","en","","1","0","1","https://x.com/Buzack94/status/1854831519551946926","1799512219761176576","Buzack94"
"1854825323537285153","Fri Nov 08 10:18:57 +0000 2024","6","@supertankiii What a joke. Medical teams on rescue jets over a punch up. Boo hoo. Good news: Ajax Amsterdam 5.0 against Maccabi Tel Aviv. Lol. https://t.co/PkmI6GtVDa","1854830965153042461","","supertankiii","en","North Lanarkshire, Scotland","0","0","0","https://x.com/FionaSi39633520/status/1854830965153042461","1576635760886927362","FionaSi39633520"
"1854830662903050284","Fri Nov 08 10:17:45 +0000 2024","11","Fans of the Israeli football team Maccabi Tel Aviv cause chaos and acts of vandalism in the Dutch capital Amsterdam after the match between their team and the Dutch club Ajax Amsterdam in the European League . #","1854830662903050284","","","en","","0","3","0","https://x.com/MohayaaAl/status/1854830662903050284","1204128697944543242","MohayaaAl"
"1854827380474265712","Fri Nov 08 10:04:43 +0000 2024","0","Israeli fans tore up the Palestinian flag in the Dutch capital ahead of Maccabi Tel Aviv's match with Ajax Amsterdam sparking protests and major clashes in the Dutch capital. https://t.co/MA4e9ON74Y","1854827380474265712","https://pbs.twimg.com/ext_tw_video_thumb/1854827330260418560/pu/img/aeJjj4-r8i3x1HfP.jpg","","en","","0","0","0","https://x.com/Khaledjelassi10/status/1854827380474265712","1590411508076482565","Khaledjelassi10"
"1854815570018894014","Fri Nov 08 09:59:45 +0000 2024","0","@visegrad24 just to give a bit of perspective when there are football matches in europe hooligans will roam the streets and start fights. this time an israeli club maccabi tel aviv played against ajax amsterdam. things were also said by the tel aviv supporters in their yells which just https://t.co/BoZr3ppt11","1854826130978881579","https://pbs.twimg.com/media/Gb2qiGkbwAEMg6R.jpg","visegrad24","en","tel aviv","0","0","0","https://x.com/killahkillahboo/status/1854826130978881579","1609057277822238721","killahkillahboo"
"1854826089220043260","Fri Nov 08 09:59:35 +0000 2024","0","Following the violence on Thursday in Amsterdam against the supporters of the Maccabi Tel Aviv football team who had traveled to the city for a match with Ajax Amsterdam the Israeli military announced it is preparing to dispatch an emergency rescue team using cargo planes and https://t.co/8nwafrWBwZ","1854826089220043260","https://pbs.twimg.com/media/Gb2qe0MXcAAHJHT.jpg","","en","Tokyo","0","0","0","https://x.com/AmIsraelkhai/status/1854826089220043260","1721120095118999552","AmIsraelkhai"
"1854810791146356973","Fri Nov 08 09:58:26 +0000 2024","0","@srfnews Violent riots broke out on the sidelines of the football match between Ajax Amsterdam and Maccabi Tel Aviv. Israel's Prime Minister Benjamin Netanyahu has ordered the dispatch of two planes to fly out football fans and compatriots. ","1854825801243345380","","srfnews","en","Land Of Enchantment","0","0","0","https://x.com/suenosdeuomi/status/1854825801243345380","33071431","suenosdeuomi"
"1854825230880866811","Fri Nov 08 09:56:10 +0000 2024","0","The Irish Times distinguishing itself as usual: Israel to send rescue planes to Amsterdam after violent clashes linked to soccer match. Incident in Dutch city occurred after Ajax Amsterdam defeated Maccabi Tel Aviv 5-0 . https://t.co/ppqbfSqOxC","1854825230880866811","","","en","","0","0","0","https://x.com/KJH19322252/status/1854825230880866811","1304807954303123464","KJH19322252"
"1854825037569675646","Fri Nov 08 09:55:24 +0000 2024","0","ùóîùóª ùóîùóªùòÅùó∂-ùòÄùó≤ùó∫ùó∂ùòÅùó∂ùó∞ ùó∞ùóπùóÆùòÄùóµ ùó≤ùóøùòÇùóΩùòÅùòÄ ùó∂ùóª ùóîùó∫ùòÄùòÅùó≤ùóøùó±ùóÆùó∫ ùóÆùó≥ùòÅùó≤ùóø ùòÅùóµùó≤ ùó¶ùóºùó∞ùó∞ùó≤ùóø ùó∫ùóÆùòÅùó∞ùóµ --The violence erupted in Amsterdam against fans of the Israeli soccer team Maccabi Tel Aviv following a Europa League match against Ajax Amsterdam. --At https://t.co/96FjzDfwG2","1854825037569675646","https://pbs.twimg.com/media/Gb2ph7iWUAAnhtP.jpg","","en","üåé ","0","0","0","https://x.com/Harsh_Gautam007/status/1854825037569675646","1216323861261643778","Harsh_Gautam007"
"1854822685462675530","Fri Nov 08 09:46:03 +0000 2024","29","Ajax Amsterdam Ultras &amp; Maccabi Tel Aviv Fanatics have a deep connection that goes way back. I have no doubt that the attacks were planned by the Islamic Republic. They want to plant fear and show their long arm by attacking Jews. #AmYisraelChai #IraniansStandWithIsrael üáÆüá±Ô∏è‚Äç https://t.co/fwnrACwZDE","1854822685462675530","https://pbs.twimg.com/media/Gb2nZmjWkAA-JUd.jpg","","en","Antares - Alpha Scorpii ","0","1","14","https://x.com/PersianImmorta4/status/1854822685462675530","1572970384730865665","PersianImmorta4"
"1854822485239136693","Fri Nov 08 09:45:16 +0000 2024","0","#MaccabiTelAviv supporters attacked in #Amsterdam #Israel says it will collect #Israeli football fans with rescue planes from Amsterdam after apparent antisemitic attacks after the game between Maccabi and #Ajax Amsterdam https://t.co/av7mcAMxga","1854822485239136693","","","en","London, United Kingdom","0","1","0","https://x.com/MeoNews/status/1854822485239136693","303255263","MeoNews"
"1854819752062935191","Fri Nov 08 09:34:24 +0000 2024","0","BREAKING: Migrants from the Middle East have been running around in Amsterdam all day trying to lynch Israeli supporters of Maccabi Tel Aviv who are in town as their team played Ajax Amsterdam today. People armed with bats are chasing Jews in Amsterdam üá≥üá±üáÆüá± https://t.co/F6FESN1e4O","1854819752062935191","https://pbs.twimg.com/media/Gb2ku1QWYAEHIMv.jpg","","en","Global","0","0","0","https://x.com/RealKON_/status/1854819752062935191","1194264701351407616","RealKON_"
"1854817612032573454","Fri Nov 08 09:25:54 +0000 2024","139","Provocations by Israelis in #Amsterdam ended up prompting Netanyahu to order rescue missions for Maccabi Tel Aviv fans. Throughout matchday against Ajax Amsterdam Israeli fans spent their time burning Palestinian flags and chanting against Arabs. Additionally Israeli fans https://t.co/vOtIYbmpJ8","1854817612032573454","https://pbs.twimg.com/ext_tw_video_thumb/1854817398479601664/pu/img/ZRnnQokxts9DVvRc.jpg","","en","","4","15","59","https://x.com/MayadeenEnglish/status/1854817612032573454","1295405245011460096","MayadeenEnglish"
"1854796046016131566","Fri Nov 08 08:00:13 +0000 2024","0","Key Developments: - A series of violent attacks against Israeli and Jewish soccer fans in Amsterdam after a match between Maccabi Tel Aviv and Ajax Amsterdam. - Hezbollah rocket barrage towards northern Israel with some intercepted over Kiryat Bialik. [2/8]","1854796051120570671","","InfoSiftWeekly","en","Israel","0","1","0","https://x.com/InfoSiftWeekly/status/1854796051120570671","1821603783585230848","InfoSiftWeekly"
"1854793463532814597","Fri Nov 08 07:49:56 +0000 2024","0","After they tore up the Palestinian flag üáµüá∏üá≥üá± Thousands of Dutch and Arab supporters of the Palestinians beat up the Israeli terrorist pigs in the Dutch capital Amsterdam after the match between Maccabi Tel Aviv and the Ajax Amsterdam team. https://t.co/t4bcQVglSs","1854793463532814597","https://pbs.twimg.com/ext_tw_video_thumb/1854793428434886656/pu/img/L1VTtC18LefwCfsV.jpg","","en","","0","1","0","https://x.com/Abukhattab_uk/status/1854793463532814597","1816531935625187328","Abukhattab_uk"
"1854782840828821717","Fri Nov 08 07:47:42 +0000 2024","1","@Jerusalem_Post On August 26 2022 after Maccabi Tel Aviv's 1-0 win over Ajax Amsterdam groups of Ajax fans and individuals with anti-Semitic sentiments targeted Israeli supporters and Jewish-owned businesses in Amsterdam.","1854792900606894577","","Jerusalem_Post","en","","0","0","0","https://x.com/NewsphereM/status/1854792900606894577","908778158069096450","NewsphereM"
"1854787894344384895","Fri Nov 08 07:45:05 +0000 2024","43","@RadioGenoa Hunt for Jews in the Middle of Europe Shocking scenes after the Europa League match between Ajax Amsterdam and Maccabi Tel Aviv: The situation escalated in the Dutch capital when Israeli fans were attacked by pro lslamic terrorist organisation of Hamas. https://t.co/UvEtqrkyRM","1854792241975341427","https://pbs.twimg.com/amplify_video_thumb/1854792171225796608/img/eU7X6EAc2C2teB0M.jpg","RadioGenoa","en","","1","6","15","https://x.com/EdgeE50124/status/1854792241975341427","1820496676702023680","EdgeE50124"
"1854791223749624055","Fri Nov 08 07:41:02 +0000 2024","9","ICYMI Migrants from the Middle East have been in Amsterdam all day trying to lynch Israeli supporters of Maccabi Tel Aviv who are in town as their team played Ajax #Amsterdam today. People armed with bats are chasing Jews in Amsterdam. https://t.co/1rFhcQY5Cz","1854791223749624055","https://pbs.twimg.com/amplify_video_thumb/1854791165775867904/img/H68ABytjOgrDQHBx.jpg","","en","Punk 3274","0","3","3","https://x.com/realtombibiyan/status/1854791223749624055","1658855703400914945","realtombibiyan"
"1854709634591821951","Fri Nov 08 07:29:45 +0000 2024","0","@JonahDispatch @NLAmbassadorUSA Soccer match between Ajax Amsterdam and Maccabi Tel Aviv. Israeli supporters came to support their team and are being hounded down by local muslims who were seemingly notified by friends about wereabouts of said supporters.","1854788383140110418","","JonahDispatch","en","Brussels","0","0","0","https://x.com/VincentFis8153/status/1854788383140110418","1675362779962699776","VincentFis8153"
"1854700350294446417","Fri Nov 08 07:24:30 +0000 2024","0","@eigenrobot Am Dutch can confirm. Palestine activists wanted to protest outside the Ajax Amsterdam/Maccabi Tel Aviv game city banned that due to likely violence activists got mad and started to improvise after the fans moves into the city post game picking off stragglers","1854787060768407783","","eigenrobot","en","The Netherlands","0","1","0","https://x.com/DytrykJesionek/status/1854787060768407783","116891399","DytrykJesionek"
"1854785248787415491","Fri Nov 08 07:17:18 +0000 2024","0","https://t.co/RY5RRbYeBc After tearing up the Palestinian flag pro-Palestinian supporters attacked Israeli fans in the Dutch capital after the match between Maccabi Tel Aviv and Ajax #Amsterdam prompting Netanyahu to send two rescue planes to evacuate the Israelis .","1854785248787415491","https://pbs.twimg.com/amplify_video_thumb/1854781676909453312/img/Alww4xxdbXYavl8M.jpg","","en"," Aotearoa ","0","0","0","https://x.com/ferozwala/status/1854785248787415491","52571677","ferozwala"
"1854782840828821717","Fri Nov 08 07:17:09 +0000 2024","3","@Jerusalem_Post Violent israelis attacked locals and distroyed private property within Amsterdam following a Maccabi Tel Aviv game against Ajax Amsterdam https://t.co/ntEVNEipBM","1854785211877200199","https://pbs.twimg.com/amplify_video_thumb/1854785117375344640/img/EackWFibKBjObQeY.jpg","Jerusalem_Post","en","Long beach, CA","0","0","0","https://x.com/KingxGwap/status/1854785211877200199","158294604","KingxGwap"
"1854784555284152663","Fri Nov 08 07:14:32 +0000 2024","0","#GeertWilders will not take the non-sense of Islamic Radicals Earlier supporters of Israeli football team Maccabi Tel Aviv were attacked outside soccer stadium in Netherlands after their team lost 0-5 to legendary Dutch team Ajax #Amsterdam . https://t.co/JXJZj9ZWkG","1854784555284152663","https://pbs.twimg.com/media/Gb2EgagXMAAt7dw.png","","en","","0","0","0","https://x.com/karma2moksha/status/1854784555284152663","723087849831026689","karma2moksha"
"1854782840828821717","Fri Nov 08 07:07:44 +0000 2024","375","Violent attacks on Israelis within Amsterdam following a Maccabi Tel Aviv game against Ajax Amsterdam resulted in what many saw was a pogrom similar to Kristallnacht. https://t.co/sFwC7PnvAY","1854782840828821717","","","en","Israel","27","124","134","https://x.com/Jerusalem_Post/status/1854782840828821717","19489239","Jerusalem_Post"
"1854782690098094484","Fri Nov 08 07:07:08 +0000 2024","370","Hunt for Jews in the Middle of Europe Shocking scenes after the Europa League match between Ajax Amsterdam and Maccabi Tel Aviv: The situation escalated in the Dutch capital when Israeli fans were attacked by pro lslamic terrorist organisation of Hamas. https://t.co/7tHx7qtKsD","1854782690098094484","https://pbs.twimg.com/amplify_video_thumb/1854765048989650944/img/oyaan69q9uO00XMd.jpg","","en","","7","39","152","https://x.com/AzatAlsalim/status/1854782690098094484","1643719098839302145","AzatAlsalim"
"1854780879920357492","Fri Nov 08 06:59:56 +0000 2024","0","Video shows Israelis tearing Palestinian flag in Dutch capital ahead of Maccabi Tel Aviv match With Ajax. Amsterdam caused protests against them. https://t.co/Vptb3JyoX6","1854780879920357492","https://pbs.twimg.com/ext_tw_video_thumb/1854780867358416896/pu/img/-fwk9XJCOIIpazKT.jpg","","en","England, United Kingdom","0","0","0","https://x.com/rafiq_husseini/status/1854780879920357492","2961753569","rafiq_husseini"
"1854757805296586838","Fri Nov 08 06:58:30 +0000 2024","1","@Slipcatch The primary target seems to have been Maccabi Tel Aviv supporters after their loss to Ajax Amsterdam in the Europa League.","1854780519621308473","","Slipcatch","en","Durban","0","0","0","https://x.com/atkinsmike1/status/1854780519621308473","3124501283","atkinsmike1"
"1854733695971664028","Fri Nov 08 06:56:59 +0000 2024","0","@HadiNasrallah Watch | Fans of the Israeli team Maccabi Tel Aviv tear up the Palestinian flag in the Dutch capital ahead of the team's match with Ajax Amsterdam. https://t.co/RsHi0mFlkj","1854780138354790889","https://pbs.twimg.com/ext_tw_video_thumb/1854780081970786304/pu/img/lL7DS8MM8rDvFuLJ.jpg","HadiNasrallah","en","","0","0","0","https://x.com/AYafa48/status/1854780138354790889","1749778909065785344","AYafa48"
"1854779960415994245","Fri Nov 08 06:56:17 +0000 2024","5","Clashes have been reported between fans at a match between Israeli team Maccabi Tel-Aviv and Ajax #Amsterdam #WorldNews #Netanyahu #Israel https://t.co/VW9fmZaGR4","1854779960415994245","","","en","Bangladesh","0","3","0","https://x.com/dailystarnews/status/1854779960415994245","77696645","dailystarnews"
"1854673676928479659","Fri Nov 08 06:56:02 +0000 2024","8","@ShaykhSulaiman Watch | Fans of the Israeli team Maccabi Tel Aviv tear up the Palestinian flag in the Dutch capital ahead of the team's match with Ajax Amsterdam. https://t.co/rzRddYl45q","1854779896335102121","https://pbs.twimg.com/ext_tw_video_thumb/1854779809542324224/pu/img/fmQj6o8IDrIXBHEY.jpg","ShaykhSulaiman","en","","4","2","3","https://x.com/AYafa48/status/1854779896335102121","1749778909065785344","AYafa48"
"1854777836424290763","Fri Nov 08 06:47:50 +0000 2024","0","After they tore up the Palestinian flag Ô∏è Running over stabbing and beating üáµüá∏üá≥üá± Thousands of Dutch and Arab supporters of the Palestinians beat up the Israeli terrorist pigs in the Dutch capital Amsterdam after the match between Maccabi Tel Aviv and the Ajax Amsterdam team. https://t.co/xLrNSDvkm0","1854777836424290763","https://pbs.twimg.com/ext_tw_video_thumb/1854777773727903745/pu/img/CtUQMP6iI38QQz8R.jpg","","en","","0","0","0","https://x.com/HassanF28182803/status/1854777836424290763","1454501590946230275","HassanF28182803"
"1854775148605276568","Fri Nov 08 06:37:10 +0000 2024","0","üá≥üá±üáÆüá±In last night's match between Ajax Amsterdam and Maccabi Tel Aviv Ajax fans chanted anti-Israel slogans and installed banners of Free Palestine and Stop the Genocide in the stadium. Ajax won 5-0 The evil facing hates everywhere #Israel #Gaza #FreePalestine #Amsterdam https://t.co/S0l6GhdCmU","1854775148605276568","https://pbs.twimg.com/media/Gb18IGcWgAASOW5.jpg","","en","","0","0","1","https://x.com/CA__Shoaib/status/1854775148605276568","1706178565408956416","CA__Shoaib"
"1854735598113747173","Fri Nov 08 06:01:54 +0000 2024","10","@RyanRozbiani Maccabi Tel Aviv lost 5-0 to Ajax Amsterdam in a Europa Games. What losers! They are not good at anything but genocide of women and children.","1854766274091323471","","RyanRozbiani","en","","0","0","2","https://x.com/MajidiSia/status/1854766274091323471","4358956513","MajidiSia"
"1854727477391724925","Fri Nov 08 05:42:42 +0000 2024","0","@Osint613 i was there in march - april nothing happened. this was because of a football match between maccabi tel aviv vs ajax amsterdam.","1854761445181079729","","Osint613","en","tel aviv","0","0","0","https://x.com/killahkillahboo/status/1854761445181079729","1609057277822238721","killahkillahboo"
"1854725762298921052","Fri Nov 08 05:35:42 +0000 2024","7","@Myrnastwit @Nadira_ali12 Ouh Netherlands gripped Hundreds of Israelis were attacked and run over in the streets of Amsterdam after a soccer match between Maccabi Tel Aviv and Ajax Amsterdam. It started because Israeli supporters lowered a Palestinian flag on a Dutch street","1854759681459470845","","Myrnastwit","en","","0","0","1","https://x.com/rosidabdul2740/status/1854759681459470845","1622289111485911045","rosidabdul2740"
"1854751650285564378","Fri Nov 08 05:23:01 +0000 2024","1","Israeli army: The mission will arrive in a cargo plane and will include medical and rescue teams. this came out after violence against Maccabi Tel Aviv fans in #Amsterdam by Ajax Amsterdam rioters. https://t.co/3sK1h8wHDR","1854756489245736988","","AsgardIntel","en","Skald ","0","1","0","https://x.com/AsgardIntel/status/1854756489245736988","1665747678272057346","AsgardIntel"
"1854754486327132226","Fri Nov 08 05:15:03 +0000 2024","482","A video shows Israeli fans tearing apart the Palestinian flag in the Dutch capital ahead of a match between Maccabi Tel Aviv and Ajax Amsterdam sparking protests. https://t.co/nI7BsUDuhY","1854754486327132226","https://pbs.twimg.com/amplify_video_thumb/1854754420598173697/img/XK_i-jxiPMnS4YEF.jpg","","en","Gaza","15","11","211","https://x.com/RamAbdu/status/1854754486327132226","147962810","RamAbdu"
"1854753924265525727","Fri Nov 08 05:12:49 +0000 2024","1","Video shows Israeli fans tearing up the Palestinian flag in the Dutch capital ahead of #Maccabi_Tel Aviv's match with #Ajax_Amsterdam sparking protests. #Netherlands https://t.co/oWeXWfxB5h https://t.co/5rbr2frbye Another video shows Israeli fans tearing up the","1854753924265525727","https://pbs.twimg.com/amplify_video_thumb/1854714538915926027/img/DgZ19vyTQbqxen1z.jpg","","en"," Aotearoa ","0","0","0","https://x.com/ferozwala/status/1854753924265525727","52571677","ferozwala"
"1854727779524186199","Fri Nov 08 05:12:38 +0000 2024","1","@poonamkachanddd While this was on the streets the real violence happened in the field where Ajax Amsterdam beat Maccabi Tel Aviv 5-0... Felt so nice to see that score line.","1854753874630082610","","poonamkachanddd","en","","0","0","0","https://x.com/ShubhaDutta11/status/1854753874630082610","1339559953334378496","ShubhaDutta11"
"1854747489221718468","Fri Nov 08 04:47:15 +0000 2024","0","Football match takes place in Amsterdam between Ajax Amsterdam and Maccabi Tel Aviv. The Dutch club is known as and refers to themselves as the 'Super Jews.' Today they sang 'Hava Nagila' together and removed any Palestinian flags around them. https://t.co/HRskQcOQ8s","1854747489221718468","https://pbs.twimg.com/ext_tw_video_thumb/1854747243917852675/pu/img/0qazxzoL3pDrmWKv.jpg","","en","Malaysia","0","0","0","https://x.com/OngHsing777/status/1854747489221718468","3103051813","OngHsing777"
"1854719159499665829","Fri Nov 08 04:28:25 +0000 2024","3","@StevenP015 @MuricanEv Maccabi tel aviv played Ajax Amsterdam today and after the match Dutch immigrants attacked and assaulted the Israeli fans around Amsterdam (unsure if they were Ajax fans or just Dutch people)","1854742749884695004","","StevenP015","en","Mossad Headquarters, the Moon","0","1","1","https://x.com/thesaturn202/status/1854742749884695004","1490545505541124096","thesaturn202"
"1854742189592527234","Fri Nov 08 04:26:12 +0000 2024","46","What happened in Amsterdam tonight? Fans of the Israeli football team Maccabi Tel Aviv went to see a football game against the Dutch team Ajax Amsterdam. As Israeli football is class C - they lost 5:0. Perhaps because of the frustration over the poor performance and maybe https://t.co/spk703lmWJ","1854742189592527234","https://pbs.twimg.com/ext_tw_video_thumb/1854741723001323523/pu/img/q7AnEQQd7Ib3P616.jpg","","en","◊ô◊©◊®◊ê◊ú","1","13","5","https://x.com/AmirHetsroni/status/1854742189592527234","3085312765","AmirHetsroni"
"1854740264931176793","Fri Nov 08 04:18:33 +0000 2024","0","So the short preliminary version is this. What is known so far about the #AmsterdamAttack or #AmsterdamPogrom as some call it: ‚ñ™Ô∏èSome people tore down Palestinian flags in Amsterdam before and after the game Ajax Amsterdam v Maccabi Tel Aviv which is documented on videos for at","1854740264931176793","","","en","Switzerland","0","0","1","https://x.com/nofmgeopolitics/status/1854740264931176793","1791388982867013632","nofmgeopolitics"
"1854710033231303056","Fri Nov 08 02:47:00 +0000 2024","0","@Osint613 to add context there was a football match between maccabi tel aviv vs ajax amsterdam. this didnt just start out of nowhere","1854717224998826356","","Osint613","en","tel aviv","0","1","0","https://x.com/killahkillahboo/status/1854717224998826356","1609057277822238721","killahkillahboo"
"1854715592793563291","Fri Nov 08 02:40:30 +0000 2024","4","Oh you thought they were just terrorist in Palestine? They will come for you. The Jews want it all Video shows israeli fans tearing up the Palestinian flag in the Dutch capital ahead of Maccabi Tel Aviv's match with Ajax Amsterdam sparking protests. ","1854715592793563291","","","en","NY to Levant","0","0","0","https://x.com/NYplaid/status/1854715592793563291","1489374690896396291","NYplaid"
"1854712062389182911","Fri Nov 08 02:26:29 +0000 2024","7","100 injuries among the terrorist Israeli pigs in the center of the Dutch capital Amsterdam after they were beaten stabbed and run over in response to tearing up the Palestinian flag during the match between Maccabi Tel Aviv and Ajax Amsterdam and the response came from Dutch","1854712062389182911","","","en","","0","2","1","https://x.com/Odaymohm/status/1854712062389182911","1373917537579204611","Odaymohm"
"1854712005480903108","Fri Nov 08 02:26:15 +0000 2024","1","#BREAKING || #Israel | #Netherlands | #Amsterdam Sscenes from the attack on Israelis in the Dutch capital after the match between Maccabi Tel Aviv and Ajax Amsterdam 5 #Israeli fans injured in attack in Dutch capital Amsterdam after football match https://t.co/lHrkJMhUyo","1854712005480903108","https://pbs.twimg.com/ext_tw_video_thumb/1854711961151262729/pu/img/HdzImNLJc2s2iRGs.jpg","","en","Global","0","0","1","https://x.com/BotNews18/status/1854712005480903108","1674591149892284424","BotNews18"
"1854711583538028582","Fri Nov 08 02:24:35 +0000 2024","1","#BREAKING || #Israel | #Netherlands | #Amsterdam Sscenes from the attack on Israelis in the Dutch capital after the match between Maccabi Tel Aviv and Ajax Amsterdam 5 #Israeli fans injured in attack in Dutch capital Amsterdam after football match https://t.co/3n3X2yL03D","1854711583538028582","https://pbs.twimg.com/ext_tw_video_thumb/1854711536763146265/pu/img/YsE-_KlwGSjrPXnF.jpg","","en","Global","1","1","2","https://x.com/GlobalNews70/status/1854711583538028582","1702114947944062976","GlobalNews70"
"1854710881218617595","Fri Nov 08 02:21:47 +0000 2024","2","#BREAKING || #Israel | #Netherlands | #Amsterdam Sscenes from the attack on Israelis in the Dutch capital after the match between Maccabi Tel Aviv and Ajax Amsterdam 5 #Israeli fans injured in attack in Dutch capital Amsterdam after football match https://t.co/qXdAaAfBEb","1854710881218617595","https://pbs.twimg.com/ext_tw_video_thumb/1854710833374195712/pu/img/VqO4zrIoQlcAJSjK.jpg","","en","London, England","0","0","3","https://x.com/Mahfuzul2002/status/1854710881218617595","911968842548736000","Mahfuzul2002"
"1854706784579043531","Fri Nov 08 02:05:30 +0000 2024","1","100 injuries among Israeli in the Dutch capital Amsterdam after they were beaten stabbed and run over in response to tearing up the Palestinian flag during the match between Maccabi Tel Aviv and Ajax Amsterdam and the response came from Dutch Arabs Turks Russians &amp;Chechen https://t.co/nytjaYwU4N","1854706784579043531","https://pbs.twimg.com/ext_tw_video_thumb/1854706653729325073/pu/img/pEpWm9WIOcNS60fH.jpg","","en","Toronto,Canada ","0","0","0","https://x.com/Jannat18820933/status/1854706784579043531","1727127132675977216","Jannat18820933"
"1854706579951776238","Fri Nov 08 02:04:42 +0000 2024","0","after the match between Maccabi Tel Aviv and the Ajax Amsterdam team.after the match between Maccabi Tel Aviv and the Ajax Amsterdam team.","1854706583403741248","","HMKMR14","en","ÿ¢ÿ≤ÿßÿØ ⁄©ÿ¥ŸÖ€åÿ± Ÿæÿß⁄©ÿ≥ÿ™ÿßŸÜ üáµüá∞","0","0","0","https://x.com/HMKMR14/status/1854706583403741248","1836592866841235456","HMKMR14"
"1854702843195707896","Fri Nov 08 02:02:10 +0000 2024","0","@NiohBerg @geertwilderspvv it was a football match between maccabi tel aviv vs ajax amsterdam","1854705945898893704","","NiohBerg","en","tel aviv","0","0","0","https://x.com/killahkillahboo/status/1854705945898893704","1609057277822238721","killahkillahboo"
"1854701421192478749","Fri Nov 08 01:44:12 +0000 2024","80","Migrants from the Middle East have been running around in Amsterdam all day trying to lynch Israeli supporters of Maccabi Tel Aviv who are in town as their team played Ajax Amsterdam today. People armed with bats are chasing Jews in Amsterdam https://t.co/8z1DxGHAbk","1854701421192478749","https://pbs.twimg.com/amplify_video_thumb/1854701346961723403/img/vckwzq-9EQME1869.jpg","","en","","6","20","52","https://x.com/its_The_Dr/status/1854701421192478749","1318263321745907713","its_The_Dr"
"1854689717843079315","Fri Nov 08 01:15:48 +0000 2024","0","@naftalibennett This video shows someone running over a Jew with a car. Supporters of Maccabi Tel Aviv are in town as their team plays Ajax Amsterdam. People armed with bats &amp; knives are chasing Jews on the streets https://t.co/DK84TKWLSB","1854694275256401927","https://pbs.twimg.com/amplify_video_thumb/1854691948709208066/img/VMj_j65y-01Y7Ni8.jpg","naftalibennett","en","Third world","0","0","0","https://x.com/TonnyAce360/status/1854694275256401927","2993798572","TonnyAce360"
"1854693836095996054","Fri Nov 08 01:14:03 +0000 2024","52","üá≥üá±üáÆüá± SICKENING: Jew hating Arab migrants have reportedly been running around in Amsterdam all day trying to lynch innocent Israeli supporters of Maccabi Tel Aviv who are in town as their team played Ajax Amsterdam today. According to reports Arab mobs armed with bats were https://t.co/gii9P1WCMH","1854693836095996054","https://pbs.twimg.com/amplify_video_thumb/1854693778910543879/img/ds0_MtsVO0HrkUDn.jpg","","en","New York City","1","3","23","https://x.com/TheBelaaz/status/1854693836095996054","1029780910198206464","TheBelaaz"
"1854687239982256364","Fri Nov 08 00:47:51 +0000 2024","0","There are lynch attempts against the Israeli-Jewish people people in Amsterdam who came to watch the football/soccer game of Maccabi Tel-Aviv vs. Ajax Amsterdam tonight. It seems like it was a carefully planned attack in different regions. The videos are really hard to watch.","1854687239982256364","","","en","","0","0","0","https://x.com/MrBuckBuckNBA/status/1854687239982256364","3880665705","MrBuckBuckNBA"
"1854629316056813611","Thu Nov 07 20:57:40 +0000 2024","7","I love it! Supporters of Maccabi Tel Aviv and AFC Ajax Amsterdam celebrating today in the heart of Amsterdam.","1854629316056813611","","","en","üá≥üá±üáßüá™üá™üá∫","0","1","2","https://x.com/Sander85433622/status/1854629316056813611","1568622454645334016","Sander85433622"
"1854599287403135029","Thu Nov 07 18:58:21 +0000 2024","1","ALERT: New high roller bet posted! A bet has been placed for $22 000.00 on Ajax Amsterdam - Maccabi Tel Aviv FC to win $40 040.00. To view this bet or copy it https://t.co/AzQmjIqJQU https://t.co/okCxYam3b9","1854599287403135029","https://pbs.twimg.com/media/GbzcKsDWcAAu9MF.png","","en","Everywhere","0","0","0","https://x.com/stakehighroller/status/1854599287403135029","1310800524619386880","stakehighroller"
"1854562020676325587","Thu Nov 07 16:30:16 +0000 2024","294","A refreshing sight today as a match takes place in Amsterdam between Ajax Amsterdam and Maccabi Tel Aviv. The Dutch club is known as and refers to themselves as the 'Super Jews.' Today they sang 'Hava Nagila' together and removed any Palestinian flags around them. https://t.co/FgBg7uHWCW","1854562020676325587","https://pbs.twimg.com/ext_tw_video_thumb/1854561972257210373/pu/img/lFgqBmrefqfOaELU.jpg","","en","Israel","21","28","39","https://x.com/IsraelMychannel/status/1854562020676325587","1613571122934550534","IsraelMychannel"
"1854530152132214951","Thu Nov 07 14:23:38 +0000 2024","476","Tel Aviv soccer club Maccabi in Amsterdam üáÆüá± Tonight they are playing against AJAX Amsterdam. The hardcore of AJAX call themselves a Jewish club. The name of Maccabi refers to the Jewish freedom fighters centuries ago. G- d bless the #MaccabiTelAviv players and supporters üáÆüá± https://t.co/GYBnhKZx8H","1854530152132214951","https://pbs.twimg.com/amplify_video_thumb/1854530038932131847/img/M10CrJLAL4yB4jL1.jpg","","en","","2","37","44","https://x.com/Aaroha101/status/1854530152132214951","1450537789301444612","Aaroha101"
"1854518592252805497","Thu Nov 07 13:37:42 +0000 2024","0","Ajax Amsterdam to win(71% probability)against Maccabi Tel Aviv.UEFA Europa League.#UEL Great pick for your acca! https://t.co/wk8Q5MsYLK for all predictions. https://t.co/ujt46K5w5N","1854518592252805497","https://pbs.twimg.com/media/GbyS1LzXwBMIkAW.jpg","","en","London, UK","0","0","0","https://x.com/AIGoalie/status/1854518592252805497","1760312267747270656","AIGoalie"
